first_name,last_name,email,bio,last_conversation
John,Doe,john.doe@email.com,"Avid gamer with a passion for open-world RPGs. Always seeking the next immersive adventure.",When was the last time we played together?
Jane,Smith,jane.smith@email.com,"Competitive gamer who thrives in fast-paced multiplayer battles. Loves the thrill of victory.",I can't wait for the next tournament!
Michael,Johnson,michael.johnson@email.com,"Retro gaming enthusiast with a massive collection of classic consoles. Nothing beats the nostalgia.",Remember that old school game we used to play?
Emily,Williams,emily.williams@email.com,"Casual gamer who enjoys relaxing with puzzle and simulation games after a long day.",What's your favorite casual game to unwind with?
David,Brown,david.brown@email.com,"Professional esports player specializing in first-person shooters. Always striving for the top ranks.",Did you catch my last match? It was intense!
Sarah,Jones,sarah.jones@email.com,"Indie game connoisseur who loves discovering hidden gems. Supports independent developers.",Have you played that new indie game everyone's talking about?
Robert,Miller,robert.miller@email.com,"Gaming content creator with a knack for entertaining playthroughs and reviews. Always keeps it real.",What did you think of my latest video?
Jessica,Davis,jessica.davis@email.com,"Mobile gaming enthusiast who loves to play on the go. Addicted to match-3 and word games.",I just beat your high score! Think you can top that?
Christopher,Wilson,christopher.wilson@email.com,"VR gaming aficionado who loves the immersive experience. Explores new virtual worlds every chance he gets.",Have you tried that new VR game everyone's raving about?
Ashley,Anderson,ashley.anderson@email.com,"Twitch streamer who loves engaging with her community while playing the latest releases.",When's the next stream? I don't want to miss it!